{"epoch_memory_usage":[225059716802,225022488648,225022488648,225022488648,225022488648,225022488648,225022488648,225022488648,225022488648,225022488648],"epoch_time":[12.802645921707153,11.200094938278198,11.279495000839233,11.08086895942688,10.967000007629395,10.929508924484253,10.975858211517334,10.973652839660645,11.083638906478882,11.119173049926758],"batch_processing_time":[12.780613422393799,11.177783489227295,11.258571147918701,11.060162544250488,10.9463369846344,10.908649206161499,10.955300092697144,10.952512741088867,11.06238579750061,11.098077774047852],"throughput":[4686.53123478708,5357.097446999307,5319.387082093284,5414.737798966201,5470.958325728085,5489.725148180096,5466.542920264768,5467.641529824035,5413.384584816032,5396.084738549439],"epoch":[1,2,3,4,5,6,7,8,9,10],"accuracy":[0.9353344882729211,0.9860241204690832,0.9909215085287847,0.9927038912579957,0.9946528518123667,0.9964185767590619,0.9963019722814499,0.9967517324093816,0.9972847814498934,0.9967517324093816],"loss":[0.20597810467614777,0.05126293556749084,0.034495203867603685,0.026930184637423856,0.02134980305391727,0.016446539078958454,0.01642947041038626,0.013782546157908422,0.011521212839931336,0.013481690407916407]}