{
    "epoch": [
        1,
        2,
        3,
        4,
        5,
        6,
        7,
        8,
        9,
        10
    ],
    "epoch_memory_usage": [
        91700360960,
        123790825472,
        162771043840,
        192562043392,
        222352764928,
        252143764992,
        121492761600,
        153581546496,
        192561764864,
        222352764928
    ],
    "epoch_time": [
        16.699857234954834,
        12.767587184906006,
        12.947498798370361,
        12.882644891738892,
        12.646814346313477,
        12.752436637878418,
        12.765662431716919,
        13.077580451965332,
        12.952296733856201,
        12.901536703109741
    ],
    "batch_processing_time": [
        16.680205821990967,
        12.747704267501831,
        12.927735328674316,
        12.862667322158813,
        12.627113103866577,
        12.733004093170166,
        12.74627685546875,
        13.057622909545898,
        12.931848049163818,
        12.882094860076904
    ],
    "throughput": [
        3592.845085789877,
        4699.400061346964,
        4634.0996770397005,
        4657.428696065008,
        4744.277756990233,
        4704.983188999558,
        4700.10861723298,
        4588.004655783482,
        4632.383061697861,
        4650.608790310833
    ],
    "accuracy": [
        0.9699000120162964,
        0.9789000153541565,
        0.9693999886512756,
        0.9842000007629395,
        0.9876999855041504,
        0.9858999848365784,
        0.9793000221252441,
        0.9796000123023987,
        0.9884999990463257,
        0.9904999732971191
    ],
    "loss": [
        0.098812997341156,
        0.08334556221961975,
        0.13925404846668243,
        0.07147963345050812,
        0.06634092330932617,
        0.0665249228477478,
        0.08759365975856781,
        0.11089562624692917,
        0.073106549680233,
        0.058712586760520935
    ]
}