{
"epoch":[1,2,3,4,5,6,7,8,9,10],
"epoch_time":[312.02748799324036,249.00138783454895,248.00377011299133,248.126708984375,251.06926894187927,248.6009180545807,247.17740416526794,249.2260320186615,249.50712513923645,249.27038598060608],
"batch_processing_time":[311.98955750465393,248.96922898292542,247.97213625907898,248.09522557258606,251.0373866558075,248.56907534599304,247.14449000358582,249.19428157806396,249.47550773620605,249.23883175849915],
"throughput":[192.29075100364176,240.96251238514182,241.93180600707726,241.81193651255944,238.97787352815993,241.35067750162898,242.74063481904176,240.74531666702993,240.4740945434614,240.70247961451852],
"accuracy":[0.8691531183368896,0.9569396321961656,0.9741138059701546,0.9812933102345472,0.9854077825159968,0.9887226812366786,0.9905550373134362,0.9924706823027739,0.9941531183368871,0.9951692430703625],
"loss":[0.4365832284074713,0.14274191534059355,0.08653113295224557,0.0625542147803344,0.04929146968009945,0.0400928193822665,0.03277481017107675,0.027335132182486177,0.021983309362266112,0.018180922277000633]
}
