{
    "epoch": [
        1,
        2,
        3,
        4,
        5,
        6,
        7,
        8,
        9,
        10
    ],
    "epoch_time": [
        52.772465229034424,
        51.25070261955261,
        52.028716802597046,
        51.23577356338501,
        51.87376546859741,
        51.42300605773926,
        51.31379151344299,
        51.80472660064697,
        51.10169076919556,
        52.311767578125
    ],
    "batch_processing_time": [
        52.76956605911255,
        51.24792265892029,
        52.02579116821289,
        51.23294687271118,
        51.87098169326782,
        51.42016100883484,
        51.310911655426025,
        51.801766872406006,
        51.098954916000366,
        52.30883860588074
    ],
    "throughput": [
        1136.9565499659304,
        1170.715657215389,
        1153.209298388944,
        1171.0567798058628,
        1156.6540323031288,
        1166.7929317984685,
        1169.2762945470795,
        1158.195476303328,
        1174.1294484950467,
        1146.9694636181623
    ],
    "accuracy": [
        0.98580002784729,
        0.9868000149726868,
        0.9868999719619751,
        0.9868999719619751,
        0.9884999990463257,
        0.9890999794006348,
        0.9879000186920166,
        0.9889000058174133,
        0.9884999990463257,
        0.9883999824523926
    ],
    "loss": [
        0.08757307380437851,
        0.07992517948150635,
        0.075452521443367,
        0.07440631091594696,
        0.07745008915662766,
        0.0699886754155159,
        0.07973630726337433,
        0.08069565147161484,
        0.08075636625289917,
        0.09599792212247849
    ]
}