{
    "epoch": [
        1,
        2,
        3,
        4,
        5,
        6,
        7,
        8,
        9,
        10
    ],
    "epoch_memory_usage": [
        0,
        0,
        0,
        0,
        0,
        0,
        0,
        0,
        0,
        0
    ],
    "epoch_time": [
        42.30523753166199,
        42.697049379348755,
        42.23610186576843,
        41.88683533668518,
        41.0374698638916,
        42.87122869491577,
        41.049662351608276,
        40.968178510665894,
        41.12541103363037,
        42.19672465324402
    ],
    "batch_processing_time": [
        42.30077528953552,
        42.692577600479126,
        42.23187971115112,
        41.882747411727905,
        41.03316807746887,
        42.86668825149536,
        41.04545783996582,
        40.96393585205078,
        41.12113857269287,
        42.19250154495239
    ],
    "throughput": [
        1418.264108672004,
        1405.2493292199285,
        1420.5856447332058,
        1432.4309659042447,
        1462.078441945889,
        1399.5400138162026,
        1461.6441783631205,
        1464.5513220554644,
        1458.9519835056458,
        1421.9113093031806
    ],
    "accuracy": [
        0.9776999950408936,
        0.9743000268936157,
        0.9617000222206116,
        0.9783999919891357,
        0.9767000079154968,
        0.9811000227928162,
        0.9812999963760376,
        0.9799000024795532,
        0.9818000197410583,
        0.9811999797821045
    ],
    "loss": [
        0.07498195767402649,
        0.08783381432294846,
        0.14160029590129852,
        0.08350253850221634,
        0.09131725877523422,
        0.07691097259521484,
        0.07491788268089294,
        0.0877256691455841,
        0.0855422243475914,
        0.10119616985321045
    ]
}