{
"epoch":[1,2,3,4,5,6,7,8,9,10],
"epoch_memory_usage":[10782175219.2, 13199410195.124756, 16284432517.12, 31930415677.44, 57412236288.0, 82945705789.44, 97911158016.0, 118764858060.8, 159564392038.4, 174227023134.72],
"epoch_time":[7.473342180252075,5.853379964828491,5.81629204750061,5.829387903213501,5.748003959655762,5.988761901855469,5.729742050170898,6.01612401008606,5.662712812423706,5.975934982299805],
"batch_processing_time":[7.009091377258301,5.842292070388794,5.804774522781372,5.81819224357605,5.736679792404175,5.976889610290527,5.7186119556427,6.004154920578003,5.6517250537872314,5.96423602104187],
"throughput":[8028.536436956805,10250.48781396819,10315.850633013404,10292.675834271464,10438.406170407945,10018.765311309253,10471.675596322946,9973.198673998362,10595.628277027052,10040.269878724373],
"accuracy":[0.956972947761194,0.9734141791044776,0.9801272654584222,0.984358342217484,0.9874900053304904,0.9898554104477612,0.992070895522388,0.9933702025586354,0.9948527452025586,0.9963019722814499],
"loss":[0.14257603423319448,0.08795969742104542,0.06598281240576495,0.05258533174077968,0.04281172011190204,0.03556465600672273,0.028976557567687224,0.024128054629458006,0.01962278576080117,0.015351938454834457]
}
