{
    "epoch": [
        1,
        2,
        3,
        4,
        5,
        6,
        7,
        8,
        9,
        10
    ],
    "epoch_memory_usage": [
        14002824960,
        44347799552,
        22005989888,
        44347799552,
        76549648384,
        106340648448,
        139873082880,
        169664082944,
        199455490048,
        229246083072
    ],
    "epoch_time": [
        11.354148626327515,
        9.79613995552063,
        9.907461643218994,
        9.196091890335083,
        10.049855470657349,
        9.53685450553894,
        9.632147312164307,
        9.905089139938354,
        10.5482816696167,
        9.658900260925293
    ],
    "batch_processing_time": [
        11.331862211227417,
        9.773775577545166,
        9.884708881378174,
        9.172903537750244,
        10.027968645095825,
        9.51460599899292,
        9.61019253730774,
        9.88318657875061,
        10.52512264251709,
        9.636580467224121
    ],
    "throughput": [
        5284.412065989216,
        6124.861452820191,
        6056.041613955281,
        6524.510706886134,
        5970.235111856337,
        6291.382548108751,
        6229.140611691728,
        6057.4921792549785,
        5688.130245215595,
        6211.887314203635
    ],
    "accuracy": [
        0.9646000266075134,
        0.9728000164031982,
        0.9743000268936157,
        0.9772999882698059,
        0.9718999862670898,
        0.9765999913215637,
        0.9628999829292297,
        0.9796000123023987,
        0.9800000190734863,
        0.9818000197410583
    ],
    "loss": [
        0.11365050077438354,
        0.08111440390348434,
        0.0778367668390274,
        0.072905033826828,
        0.10040333867073059,
        0.08343479037284851,
        0.1717972457408905,
        0.08613912016153336,
        0.08252255618572235,
        0.08087104558944702
    ]
}