{"epoch_memory_usage":[92560279460,92558474824,92558474824,92558474824,92558474824,92558474824,92558474824,92558474824,92558474824,92558474824],"epoch_time":[5.424429893493652,4.201512098312378,4.586353063583374,4.318717956542969,4.4668498039245605,4.352355003356934,4.264756917953491,4.576621055603027,4.231388092041016,4.19992995262146],"batch_processing_time":[5.4063496589660645,4.183111906051636,4.565732479095459,4.2990806102752686,4.446044206619263,4.334072113037109,4.246527671813965,4.557206392288208,4.212456226348877,4.181421279907227],"throughput":[11061.070228221986,14280.572945178525,13082.28982116812,13893.01190856848,13432.285085404972,13785.640177265532,14068.797156390316,13110.108805391195,14179.744021319237,14285.952546077571],"epoch":[1,2,3,4,5,6,7,8,9,10],"accuracy":[0.8759828091684435,0.9586886993603412,0.9750632995735607,0.9820762260127932,0.9854744136460555,0.988222947761194,0.9907882462686567,0.9927038912579957,0.994069829424307,0.9954191098081023],"loss":[0.4205687695574055,0.13779681899360438,0.08389827887490908,0.06072858619185458,0.04816474107289955,0.03980433799901422,0.03276028356257094,0.02680618181942713,0.021950719246007777,0.017436219997676913]}