{
    "epoch": [
        1,
        2,
        3,
        4,
        5,
        6,
        7,
        8,
        9,
        10
    ],
    "epoch_memory_usage": [
        67615483136,
        34846414848,
        47749147648,
        66695792128,
        96486792192,
        130694466560,
        160485670400,
        190276670464,
        220067466752,
        72001900544
    ],
    "epoch_time": [
        16.89641499519348,
        9.761300325393677,
        9.877865314483643,
        9.423433542251587,
        9.869653463363647,
        10.088799238204956,
        9.89132571220398,
        9.945991039276123,
        9.986406564712524,
        10.101143836975098
    ],
    "batch_processing_time": [
        16.877214908599854,
        9.74183201789856,
        9.858649492263794,
        9.40424132347107,
        9.850239753723145,
        10.069478750228882,
        9.87190580368042,
        9.926836729049683,
        9.966493606567383,
        10.081556558609009
    ],
    "throughput": [
        3551.049143683331,
        6146.72205545322,
        6074.18689056467,
        6367.10597373873,
        6079.240798344259,
        5947.18941108352,
        6065.920964059613,
        6032.581344891986,
        6008.167163152865,
        5939.921356269656
    ],
    "accuracy": [
        0.9805999994277954,
        0.9833999872207642,
        0.983299970626831,
        0.9818999767303467,
        0.9843999743461609,
        0.9876999855041504,
        0.9864000082015991,
        0.9883999824523926,
        0.9843999743461609,
        0.9854999780654907
    ],
    "loss": [
        0.05765264853835106,
        0.04921913892030716,
        0.05312873423099518,
        0.06273139268159866,
        0.05596422031521797,
        0.04689398035407066,
        0.059105806052684784,
        0.050233546644449234,
        0.08242916315793991,
        0.0807439461350441
    ]
}