{
    "epoch": [
        1,
        2,
        3,
        4,
        5,
        6,
        7,
        8,
        9,
        10
    ],
    "epoch_memory_usage": [
        1325435136,
        33251964928,
        65101342208,
        94892749824,
        128800096768,
        158591096832,
        63042964992,
        92833965056,
        124683342336,
        154474545664
    ],
    "epoch_time": [
        17.977113008499146,
        10.999340295791626,
        7.550003290176392,
        9.07248592376709,
        8.29088568687439,
        7.5723443031311035,
        8.188106536865234,
        10.379322528839111,
        11.58066201210022,
        8.3401358127594
    ],
    "batch_processing_time": [
        17.953274726867676,
        10.979623794555664,
        7.5321879386901855,
        9.053879261016846,
        8.272594451904297,
        7.554155349731445,
        8.170015335083008,
        10.360201835632324,
        11.560539722442627,
        8.321914196014404
    ],
    "throughput": [
        3337.577060990463,
        5454.872600219137,
        7947.016404359502,
        6613.402379916476,
        7236.862533877199,
        7923.569980196289,
        7327.701432542746,
        5780.724111163234,
        5181.050956958086,
        7194.127451522702
    ],
    "accuracy": [
        0.9472000002861023,
        0.9588000178337097,
        0.9663000106811523,
        0.9689000248908997,
        0.9715999960899353,
        0.9721999764442444,
        0.9739999771118164,
        0.9747999906539917,
        0.975600004196167,
        0.9736999869346619
    ],
    "loss": [
        0.17619436979293823,
        0.1292881816625595,
        0.10737833380699158,
        0.09923430532217026,
        0.08840953558683395,
        0.08521739393472672,
        0.08340761810541153,
        0.08019249141216278,
        0.08045104146003723,
        0.08567590266466141
    ]
}