{"epoch_memory_usage":[1522261557,1521440840,1521440840,1521440840,1521440840,1521440840,1521440840,1521440840,1521440840,1521440840],"epoch_time":[2.965359926223755,1.85306715965271,1.9247949123382568,1.9522359371185303,2.1522090435028076,2.032942056655884,1.9395718574523926,1.8667528629302979,1.984943151473999,1.8657560348510742],"batch_processing_time":[2.9471702575683594,1.835587978363037,1.907130479812622,1.934335470199585,2.133014678955078,2.015467405319214,1.9224061965942383,1.8492028713226318,1.967029333114624,1.8485479354858398],"throughput":[20233.631495926755,32378.750919769587,31172.152220161213,30733.990118304584,27878.332813966605,29513.876110516318,30934.662085069318,32141.372964504902,30227.56594084047,32158.5453184876],"epoch":[1,2,3,4,5,6,7,8,9,10],"accuracy":[0.7373567430703625,0.8801472547974414,0.8989372334754797,0.9064998667377399,0.9114638859275054,0.9149120469083155,0.9174273720682303,0.9192430703624733,0.9207755863539445,0.9220415778251599],"loss":[1.1405798939626608,0.4568845271142815,0.3626590719275764,0.32721084431766956,0.30811266897758566,0.29585522140410025,0.287095055156854,0.2803629569467038,0.27489657778300836,0.2702752906066586]}